<?xml version="1.0" encoding="UTF-8"?>
<beans xmlns="http://www.springframework.org/schema/beans"
       xmlns:xsi="http://www.w3.org/2001/XMLSchema-instance"
       xmlns:context="http://www.springframework.org/schema/context"
       xmlns:mvc="http://www.springframework.org/schema/mvc"
       xsi:schemaLocation="http://www.springframework.org/schema/beans
        http://www.springframework.org/schema/beans/spring-beans.xsd
        http://www.springframework.org/schema/context
        http://www.springframework.org/schema/context/spring-context.xsd
        http://www.springframework.org/schema/mvc
        http://www.springframework.org/schema/mvc/spring-mvc.xsd">
    <!--配置spring mvc-->
    <!--1,开启springmvc注解模式-->
    <!--简化配置：
    a.自动注册DefaultAnnotationHandlerMapping,AnnotationMethodHandlerAdapter
    b.默认提供一系列的功能:数据绑定，数字和日期的format@NumberFormat,@DateTimeFormat
    c:xml,json的默认读写支持-->
    <mvc:annotation-driven/>
    <!--2.静态资源默认servlet配置-->
    <!--
        1).加入对静态资源处理：js,gif,png
        2).允许使用 "/" 做整体映射
    -->
    <mvc:default-servlet-handler/>
    <!--3：配置JSP 显示ViewResolver-->
    <bean class="org.springframework.web.servlet.view.InternalResourceViewResolver">
        <property name="viewClass" value="org.springframework.web.servlet.view.JstlView"/>
        <property name="prefix" value="/WEB-INF/jsp/"/>
        <property name="suffix" value=".jsp"/>
    </bean>
    <!--4:扫描web相关的controller-->
    <context:component-scan base-package="com.wnf.controller"/>

    <!-- 上传文件 -->
    <bean id="multipartResolver"
          class="org.springframework.web.multipart.commons.CommonsMultipartResolver">
        <property name="defaultEncoding" value="utf-8" />
        <!-- 以字节为单位的最大上传文件的大小 -->
        <property name="maxUploadSize" value="1000000000" />
    </bean>
    <!-- 拦截器 -->
    <!--<mvc:interceptors>-->
        <!--&lt;!&ndash; 多个拦截器，顺序执行 &ndash;&gt;-->
        <!--&lt;!&ndash; 登录认证拦截器 &ndash;&gt;-->
        <!--<mvc:interceptor>-->
            <!--&lt;!&ndash; 拦截所有mvc控制器 &ndash;&gt;-->
            <!--<mvc:mapping path="/**"/>-->
            <!--&lt;!&ndash; mvc:exclude-mapping是另外一种拦截，它可以在你后来的测试中对某个页面进行不拦截，这样就不用在-->
                <!--LoginInterceptor的preHandler方法里面获取不拦截的请求uri地址了(优选) &ndash;&gt;-->
            <!--&lt;!&ndash;<mvc:exclude-mapping path="/system/login" />&ndash;&gt;-->
            <!--<bean class="com.zhuolang.starryserver.handle.UrlHandlerInterceptor"/>-->
        <!--</mvc:interceptor>-->
    <!--</mvc:interceptors>-->

</beans>