<?xml version="1.0" encoding="UTF-8"?>
<beans xmlns="http://www.springframework.org/schema/beans"
       xmlns:xsi="http://www.w3.org/2001/XMLSchema-instance"
       xmlns:context="http://www.springframework.org/schema/context" xmlns:tx="http://www.springframework.org/schema/tx"
       xmlns:task="http://www.springframework.org/schema/task"
       xsi:schemaLocation="http://www.springframework.org/schema/beans
        http://www.springframework.org/schema/beans/spring-beans.xsd
        http://www.springframework.org/schema/context
        http://www.springframework.org/schema/context/spring-context.xsd
        http://www.springframework.org/schema/tx
        http://www.springframework.org/schema/tx/spring-tx.xsd
        http://www.springframework.org/schema/task
        http://www.springframework.org/schema/task/spring-task-4.1.xsd">

    <!--启用注解驱动的定时任务-->
    <!--<task:annotation-driven />-->
    <!-- 启用annotation方式 -->
    <task:annotation-driven scheduler="myScheduler" />
    <!-- 配置任务线程池 -->
    <task:scheduler id="myScheduler" pool-size="5" />

    <!--扫描service包下所有使用注解的类型，注意包的路径是否正确-->
    <context:component-scan base-package="com.wnf.service"/>

    <!--配置事务管理器-->
    <bean id="transactionManager" class="org.springframework.jdbc.datasource.DataSourceTransactionManager">
        <!--注入数据库连接池 ref中的dataSource对应spring-dao.xml中数据库连接池的dataSource，
                                    刚添加时报错是正常，等等运行起来，各种配置就位就可以了-->
        <property name="dataSource" ref="dataSource"></property>

    </bean>

    <!--配置基于注解的声明式事务
    默认使用注解来管理事务行为-->
    <tx:annotation-driven transaction-manager="transactionManager"></tx:annotation-driven>

</beans>