<?xml version="1.0" encoding="UTF-8"?>
<configuration>
    <!--
       说明：
       1、日志级别及文件
           日志记录采用分级记录，级别与日志文件名相对应，不同级别的日志信息记录到不同的日志文件中
           例如：error级别记录到log_error_xxx.log或log_error.log（该文件为当前记录的日志文件），而log_error_xxx.log为归档日志，
           日志文件按日期记录，同一天内，若日志文件大小等于或大于2M，则按0、1、2...顺序分别命名
           例如log-level-2013-12-21.0.log
           其它级别的日志也是如此。
       3、Appender
           FILEERROR对应error级别，文件名以log-error-xxx.log形式命名
           FILEWARN对应warn级别，文件名以log-warn-xxx.log形式命名
           FILEINFO对应info级别，文件名以log-info-xxx.log形式命名
           stdout将日志信息输出到控制上，为方便开发测试使用

           DEBUG：输出调试信息；指出细粒度信息事件对调试应用程序是非常有帮助的。
            INFO： 输出提示信息；消息在粗粒度级别上突出强调应用程序的运行过程。
            WARN： 输出警告信息；表明会出现潜在错误的情形。
            ERROR：输出错误信息；指出虽然发生错误事件，但仍然不影响系统的继续运行。
            FATAL： 输出致命错误；指出每个严重的错误事件将会导致应用程序的退出。
            ALL level：打开所有日志记录开关；是最低等级的，用于打开所有日志记录。
            OFF level：关闭所有日志记录开关；是最高等级的，用于关闭所有日志记录。

            按照范围从小到大排序：OFF level > FATAL > ERROR > WARN > INFO > DEBUG > ALL level；
            范围大的会包含范围小的，
            例如日志设置为INFO级别的话则FATAL、ERROR、WARN、INFO的日志开关都是打开的，而DEBUG的日志开关将是关闭的。
    -->
    <contextName>ssm-druid</contextName>
    <property name="LOG_PATH" value="D:\\ssmLog"/>
    <!--设置系统日志目录-->
    <property name="APPDIR" value="ssm-druid"/>

    <!-- 日志记录器，日期滚动记录 错误
        FILEERROR对应error级别，文件名以log-error-xxx.log形式命名-->
    <appender name="FILEERROR" class="ch.qos.logback.core.rolling.RollingFileAppender">
        <!-- 正在记录的日志文件的路径及文件名 -->
        <file>${LOG_PATH}/${APPDIR}/log_error.log</file>
        <!-- 日志记录器的滚动策略，按日期，按大小记录 -->
        <rollingPolicy class="ch.qos.logback.core.rolling.TimeBasedRollingPolicy">
            <!-- 归档的日志文件的路径，例如今天是2013-12-21日志，当前写的日志文件路径为file节点指定，
            可以将此文件与file指定文件路径设置为不同路径，从而将当前日志文件或归档日志文件置不同的目录。
            而2013-12-21的日志文件在由fileNamePattern指定。%d{yyyy-MM-dd}指定日期格式，%i指定索引 -->
            <fileNamePattern>${LOG_PATH}/${APPDIR}/error/log-error-%d{yyyy-MM-dd}.%i.log</fileNamePattern>
            <!-- 除按日志记录之外，还配置了日志文件不能超过2M，若超过2M，日志文件会以索引0开始，
            命名日志文件，例如log-error-2013-12-21.0.log -->
            <timeBasedFileNamingAndTriggeringPolicy class="ch.qos.logback.core.rolling.SizeAndTimeBasedFNATP">
                <maxFileSize>2MB</maxFileSize>
            </timeBasedFileNamingAndTriggeringPolicy>
        </rollingPolicy>
        <!-- 追加方式记录日志 -->
        <append>true</append>
        <!-- 日志文件的格式 -->
        <encoder class="ch.qos.logback.classic.encoder.PatternLayoutEncoder">
            <!--<pattern>11===%d{yyyy-MM-dd HH:mm:ss.SSS} %-5level %logger Line:%-3L - %msg%n</pattern>-->
            <pattern>%d{yyyy-MM-dd HH:mm:ss.SSS} == [%thread] == %-5level %logger{50} Line:%-3L - %msg%n</pattern>
            <charset>utf-8</charset>
        </encoder>
        <!-- 此日志文件只记录ERROR级别的 -->
        <filter class="ch.qos.logback.classic.filter.LevelFilter">
            <level>ERROR</level>
            <onMatch>ACCEPT</onMatch>
            <onMismatch>DENY</onMismatch>
        </filter>
    </appender>
    <!--111111111111111111111111111111111111111111111111111111111111111111111111111-->

    <!-- 日志记录器，日期滚动记录  警告
        FILEWARN对应warn级别，文件名以log-warn-xxx.log形式命名-->
    <appender name="FILEWARN" class="ch.qos.logback.core.rolling.RollingFileAppender">
        <!-- 正在记录的日志文件的路径及文件名 -->
        <file>${LOG_PATH}/${APPDIR}/log_warn.log</file>
        <!-- 日志记录器的滚动策略，按日期，按大小记录 -->
        <rollingPolicy class="ch.qos.logback.core.rolling.TimeBasedRollingPolicy">
            <!-- 归档的日志文件的路径，例如今天是2013-12-21日志，当前写的日志文件路径为file节点指定，可以将此文件与file指定文件路径设置为不同路径，从而将当前日志文件或归档日志文件置不同的目录。
            而2013-12-21的日志文件在由fileNamePattern指定。%d{yyyy-MM-dd}指定日期格式，%i指定索引 -->
            <fileNamePattern>${LOG_PATH}/${APPDIR}/warn/log-warn-%d{yyyy-MM-dd}.%i.log</fileNamePattern>
            <!-- 除按日志记录之外，还配置了日志文件不能超过2M，若超过2M，日志文件会以索引0开始，
            命名日志文件，例如log-error-2013-12-21.0.log -->
            <timeBasedFileNamingAndTriggeringPolicy class="ch.qos.logback.core.rolling.SizeAndTimeBasedFNATP">
                <maxFileSize>2MB</maxFileSize>
            </timeBasedFileNamingAndTriggeringPolicy>
        </rollingPolicy>
        <!-- 追加方式记录日志 -->
        <append>true</append>
        <!-- 日志文件的格式 -->
        <encoder class="ch.qos.logback.classic.encoder.PatternLayoutEncoder">
            <!--<pattern>22===%d{yyyy-MM-dd HH:mm:ss.SSS} %-5level %logger Line:%-3L - %msg%n</pattern>-->
            <pattern>%d{yyyy-MM-dd HH:mm:ss.SSS} == [%thread] == %-5level %logger{50} Line:%-3L - %msg%n</pattern>
            <charset>utf-8</charset>
        </encoder>
        <!-- 此日志文件只记录WARN级别的 -->
        <filter class="ch.qos.logback.classic.filter.LevelFilter">
            <level>WARN</level>
            <onMatch>ACCEPT</onMatch>
            <onMismatch>DENY</onMismatch>
        </filter>
    </appender>
    <!--222222222222222222222222222222222222222222222222222222222222222222222222222222222222222222222222222-->

    <!-- 日志记录器，日期滚动记录 信息
        FILEINFO对应info级别，文件名以log-info-xxx.log形式命名 -->
    <appender name="FILEINFO" class="ch.qos.logback.core.rolling.RollingFileAppender">
        <!-- 正在记录的日志文件的路径及文件名 -->
        <file>${LOG_PATH}/${APPDIR}/log_info.log</file>
        <!-- 日志记录器的滚动策略，按日期，按大小记录 -->
        <rollingPolicy class="ch.qos.logback.core.rolling.TimeBasedRollingPolicy">
            <!-- 归档的日志文件的路径，例如今天是2013-12-21日志，当前写的日志文件路径为file节点指定，可以将此文件与file指定文件路径设置为不同路径，从而将当前日志文件或归档日志文件置不同的目录。
            而2013-12-21的日志文件在由fileNamePattern指定。%d{yyyy-MM-dd}指定日期格式，%i指定索引 -->
            <fileNamePattern>${LOG_PATH}/${APPDIR}/info/log-info-%d{yyyy-MM-dd}.%i.log</fileNamePattern>
            <!-- 除按日志记录之外，还配置了日志文件不能超过2M，若超过2M，日志文件会以索引0开始，
            命名日志文件，例如log-error-2013-12-21.0.log -->
            <timeBasedFileNamingAndTriggeringPolicy class="ch.qos.logback.core.rolling.SizeAndTimeBasedFNATP">
                <maxFileSize>2MB</maxFileSize>
            </timeBasedFileNamingAndTriggeringPolicy>
        </rollingPolicy>
        <!-- 追加方式记录日志 -->
        <append>true</append>
        <!-- 日志文件的格式 -->
        <encoder class="ch.qos.logback.classic.encoder.PatternLayoutEncoder">
            <!--<pattern>33==%d{yyyy-MM-dd HH:mm:ss.SSS} %-5level %logger Line:%-3L - %msg%n</pattern>-->
            <pattern>%d{yyyy-MM-dd HH:mm:ss.SSS} == [%thread] == %-5level %logger{50} Line:%-3L - %msg%n</pattern>
            <charset>utf-8</charset>
        </encoder>
        <!-- 此日志文件只记录info级别的 -->
        <filter class="ch.qos.logback.classic.filter.LevelFilter">
            <level>info</level>
            <onMatch>ACCEPT</onMatch>
            <onMismatch>DENY</onMismatch>
        </filter>
    </appender>
    <!--33333333333333333333333333333333333333333333333333333333333333333333333333333333333333333333333333333333-->

    <!-- 日志记录器，日期滚动记录 信息
        FILEDEBUG对应debug级别，文件名以log-debug-xxx.log形式命名 -->
    <appender name="FILEDEBUG" class="ch.qos.logback.core.rolling.RollingFileAppender">
        <!-- 正在记录的日志文件的路径及文件名 -->
        <file>${LOG_PATH}/${APPDIR}/log_debug.log</file>
        <!-- 日志记录器的滚动策略，按日期，按大小记录 -->
        <rollingPolicy class="ch.qos.logback.core.rolling.TimeBasedRollingPolicy">
            <!-- 归档的日志文件的路径，例如今天是2013-12-21日志，当前写的日志文件路径为file节点指定，可以将此文件与file指定文件路径设置为不同路径，从而将当前日志文件或归档日志文件置不同的目录。
            而2013-12-21的日志文件在由fileNamePattern指定。%d{yyyy-MM-dd}指定日期格式，%i指定索引 -->
            <fileNamePattern>${LOG_PATH}/${APPDIR}/debug/log-debug-%d{yyyy-MM-dd}.%i.log</fileNamePattern>
            <!-- 除按日志记录之外，还配置了日志文件不能超过2M，若超过2M，日志文件会以索引0开始，
            命名日志文件，例如log-error-2013-12-21.0.log -->
            <timeBasedFileNamingAndTriggeringPolicy class="ch.qos.logback.core.rolling.SizeAndTimeBasedFNATP">
                <maxFileSize>2MB</maxFileSize>
            </timeBasedFileNamingAndTriggeringPolicy>
        </rollingPolicy>
        <!-- 追加方式记录日志 -->
        <append>true</append>
        <!-- 日志文件的格式 -->
        <encoder class="ch.qos.logback.classic.encoder.PatternLayoutEncoder">
            <!--<pattern>33==%d{yyyy-MM-dd HH:mm:ss.SSS} %-5level %logger Line:%-3L - %msg%n</pattern>-->
            <pattern>%d{yyyy-MM-dd HH:mm:ss.SSS} == [%thread] == %-5level %logger{50} Line:%-3L - %msg%n</pattern>
            <charset>utf-8</charset>
        </encoder>
        <!-- 此日志文件只记录debug级别的 -->
        <filter class="ch.qos.logback.classic.filter.LevelFilter">
            <level>debug</level>
            <onMatch>ACCEPT</onMatch>
            <onMismatch>DENY</onMismatch>
        </filter>
    </appender>
    <!--33333333333333333333333333333333333333333333333333333333333333333333333333333333333333333333333333333333-->

    <!--stdout将日志信息输出到控制上，为方便开发测试使用-->
    <appender name="STDOUT" class="ch.qos.logback.core.ConsoleAppender">
        <!-- 追加方式记录日志 -->
        <append>true</append>
        <!--encoder 默认配置为PatternLayoutEncoder-->
        <encoder  class="ch.qos.logback.classic.encoder.PatternLayoutEncoder">
            <pattern>%d{yyyy-MM-dd HH:mm:ss.SSS} ==> [%thread] ==> %-5level %logger{50} Line:%-3L - %msg%n</pattern>
            <charset>utf-8</charset>
        </encoder>
        <!--此日志appender是为开发使用，只配置最底级别，控制台输出的日志级别是大于或等于此级别的日志信息-->
        <filter class="ch.qos.logback.classic.filter.ThresholdFilter">
            <level>debug</level>
            <onMatch>ACCEPT</onMatch>
            <onMismatch>DENY</onMismatch>
        </filter>
    </appender>
    <!--44444444444444444444444444444444444444444444444444444444444444444444444444444444444444444444444444-->

    <!--就是这个监控了mybatis日志输出，配合上面的“dao”-->
    <logger name="dao" level="debug" additivity="false">
        <appender-ref ref="FILEDEBUG"/>
    </logger>
    <logger name="dao" level="debug" additivity="false">
        <appender-ref ref="FILEINFO"/>
    </logger>
    <logger name="dao" level="debug" additivity="false">
        <appender-ref ref="FILEWARN"/>
    </logger>
    <logger name="dao" level="debug" additivity="false">
        <appender-ref ref="FILEERROR"/>
    </logger>

    <!--这个是管理mybatis映射类的加载的跟事物管理的-->
    <logger name="org.mybatis" level="debug" additivity="false">
        <appender-ref ref="FILEINFO"/>
        <appender-ref ref="STDOUT"/>
        <!--<appender-ref ref="FILEERROR"/>-->
        <!--<appender-ref ref="FILEWARN"/>-->
    </logger>

    <!-- Spring framework logger -->
    <!--<logger name="org.springframework" level="debug" additivity="false"></logger>-->

    <root level="debug">
        <appender-ref ref="FILEERROR"/>
        <appender-ref ref="FILEWARN"/>
        <appender-ref ref="FILEINFO"/>
        <appender-ref ref="FILEDEBUG"/>
        <!-- 生产环境将请stdout去掉 -->
        <appender-ref ref="STDOUT"/>
    </root>

</configuration>