<?xml version="1.0" encoding="UTF-8" ?>
<!DOCTYPE mapper PUBLIC "-//mybatis.org//DTD Mapper 3.0//EN" "http://mybatis.org/dtd/mybatis-3-mapper.dtd" >
<mapper namespace="com.wnf.dao.UserDao" >
  <resultMap id="BaseResultMap" type="com.wnf.pojo.User" >
    <id column="user_id" property="userId" jdbcType="INTEGER" />
    <result column="phone" property="phone" jdbcType="VARCHAR" />
    <result column="password" property="password" jdbcType="VARCHAR" />
    <result column="nickname" property="nickname" jdbcType="VARCHAR" />
    <result column="address" property="address" jdbcType="VARCHAR" />
    <result column="age" property="age" jdbcType="INTEGER" />
    <result column="sex" property="sex" jdbcType="INTEGER" />
    <result column="user_info" property="userInfo" jdbcType="VARCHAR" />
    <result column="headicon" property="headicon" jdbcType="VARCHAR" />
    <result column="register_time" property="registerTime" jdbcType="VARCHAR" />
    <result column="permission" property="permission" jdbcType="INTEGER" />
  </resultMap>
  <sql id="Example_Where_Clause" >
    <where >
      <foreach collection="oredCriteria" item="criteria" separator="or" >
        <if test="criteria.valid" >
          <trim prefix="(" suffix=")" prefixOverrides="and" >
            <foreach collection="criteria.criteria" item="criterion" >
              <choose >
                <when test="criterion.noValue" >
                  and ${criterion.condition}
                </when>
                <when test="criterion.singleValue" >
                  and ${criterion.condition} #{criterion.value}
                </when>
                <when test="criterion.betweenValue" >
                  and ${criterion.condition} #{criterion.value} and #{criterion.secondValue}
                </when>
                <when test="criterion.listValue" >
                  and ${criterion.condition}
                  <foreach collection="criterion.value" item="listItem" open="(" close=")" separator="," >
                    #{listItem}
                  </foreach>
                </when>
              </choose>
            </foreach>
          </trim>
        </if>
      </foreach>
    </where>
  </sql>
  <sql id="Update_By_Example_Where_Clause" >
    <where >
      <foreach collection="example.oredCriteria" item="criteria" separator="or" >
        <if test="criteria.valid" >
          <trim prefix="(" suffix=")" prefixOverrides="and" >
            <foreach collection="criteria.criteria" item="criterion" >
              <choose >
                <when test="criterion.noValue" >
                  and ${criterion.condition}
                </when>
                <when test="criterion.singleValue" >
                  and ${criterion.condition} #{criterion.value}
                </when>
                <when test="criterion.betweenValue" >
                  and ${criterion.condition} #{criterion.value} and #{criterion.secondValue}
                </when>
                <when test="criterion.listValue" >
                  and ${criterion.condition}
                  <foreach collection="criterion.value" item="listItem" open="(" close=")" separator="," >
                    #{listItem}
                  </foreach>
                </when>
              </choose>
            </foreach>
          </trim>
        </if>
      </foreach>
    </where>
  </sql>
  <sql id="Base_Column_List" >
    <if test="fields == null" >
      user_id, phone, password, nickname, address, age, sex, user_info, headicon, register_time, 
      permission
    </if>
    <if test="fields != null" >
      ${fields}
    </if>
  </sql>
  <select id="selectByExample" resultMap="BaseResultMap" parameterType="com.wnf.pojo.UserExample" >
    selecte
    <if test="distinct" >
      distinct
    </if>
    <include refid="Base_Column_List" />
    from user
    <if test="_parameter != null" >
      <include refid="Example_Where_Clause" />
    </if>
    <if test="orderByClause != null" >
      order by ${orderByClause}
    </if>
    <if test="startRow != null" >
      limit #{startRow} , #{pageSize}
    </if>
  </select>
  <select id="selectByPrimaryKey" resultMap="BaseResultMap" parameterType="java.lang.Integer" >
    select 
    user_id,phone,password,nickname,address,age,sex,user_info,headicon,register_time,permission
    from user
    where user_id = #{userId,jdbcType=INTEGER}
  </select>
  <delete id="deleteByPrimaryKey" parameterType="java.lang.Integer" >
    delete from user
    where user_id = #{userId,jdbcType=INTEGER}
  </delete>
  <delete id="deleteByExample" parameterType="com.wnf.pojo.UserExample" >
    delete from user
    <if test="_parameter != null" >
      <include refid="Example_Where_Clause" />
    </if>
  </delete>
  <insert id="insert" parameterType="com.wnf.pojo.User" >
    insert into user (user_id, phone, password, 
      nickname, address, age, 
      sex, user_info, headicon, 
      register_time, permission)
    values (#{userId,jdbcType=INTEGER}, #{phone,jdbcType=VARCHAR}, #{password,jdbcType=VARCHAR}, 
      #{nickname,jdbcType=VARCHAR}, #{address,jdbcType=VARCHAR}, #{age,jdbcType=INTEGER}, 
      #{sex,jdbcType=INTEGER}, #{userInfo,jdbcType=VARCHAR}, #{headicon,jdbcType=VARCHAR}, 
      #{registerTime,jdbcType=VARCHAR}, #{permission,jdbcType=INTEGER})
  </insert>
  <insert id="insertSelective" parameterType="com.wnf.pojo.User" >
    insert into user
    <trim prefix="(" suffix=")" suffixOverrides="," >
      <if test="userId != null" >
        user_id,
      </if>
      <if test="phone != null" >
        phone,
      </if>
      <if test="password != null" >
        password,
      </if>
      <if test="nickname != null" >
        nickname,
      </if>
      <if test="address != null" >
        address,
      </if>
      <if test="age != null" >
        age,
      </if>
      <if test="sex != null" >
        sex,
      </if>
      <if test="userInfo != null" >
        user_info,
      </if>
      <if test="headicon != null" >
        headicon,
      </if>
      <if test="registerTime != null" >
        register_time,
      </if>
      <if test="permission != null" >
        permission,
      </if>
    </trim>
    <trim prefix="values (" suffix=")" suffixOverrides="," >
      <if test="userId != null" >
        #{userId,jdbcType=INTEGER},
      </if>
      <if test="phone != null" >
        #{phone,jdbcType=VARCHAR},
      </if>
      <if test="password != null" >
        #{password,jdbcType=VARCHAR},
      </if>
      <if test="nickname != null" >
        #{nickname,jdbcType=VARCHAR},
      </if>
      <if test="address != null" >
        #{address,jdbcType=VARCHAR},
      </if>
      <if test="age != null" >
        #{age,jdbcType=INTEGER},
      </if>
      <if test="sex != null" >
        #{sex,jdbcType=INTEGER},
      </if>
      <if test="userInfo != null" >
        #{userInfo,jdbcType=VARCHAR},
      </if>
      <if test="headicon != null" >
        #{headicon,jdbcType=VARCHAR},
      </if>
      <if test="registerTime != null" >
        #{registerTime,jdbcType=VARCHAR},
      </if>
      <if test="permission != null" >
        #{permission,jdbcType=INTEGER},
      </if>
    </trim>
  </insert>
  <select id="countByExample" parameterType="com.wnf.pojo.UserExample" resultType="java.lang.Integer" >
    select count(*) from user
    <if test="_parameter != null" >
      <include refid="Example_Where_Clause" />
    </if>
  </select>
  <update id="updateByExampleSelective" parameterType="map" >
    update user
    <set >
      <if test="record.userId != null" >
        user_id = #{record.userId,jdbcType=INTEGER},
      </if>
      <if test="record.phone != null" >
        phone = #{record.phone,jdbcType=VARCHAR},
      </if>
      <if test="record.password != null" >
        password = #{record.password,jdbcType=VARCHAR},
      </if>
      <if test="record.nickname != null" >
        nickname = #{record.nickname,jdbcType=VARCHAR},
      </if>
      <if test="record.address != null" >
        address = #{record.address,jdbcType=VARCHAR},
      </if>
      <if test="record.age != null" >
        age = #{record.age,jdbcType=INTEGER},
      </if>
      <if test="record.sex != null" >
        sex = #{record.sex,jdbcType=INTEGER},
      </if>
      <if test="record.userInfo != null" >
        user_info = #{record.userInfo,jdbcType=VARCHAR},
      </if>
      <if test="record.headicon != null" >
        headicon = #{record.headicon,jdbcType=VARCHAR},
      </if>
      <if test="record.registerTime != null" >
        register_time = #{record.registerTime,jdbcType=VARCHAR},
      </if>
      <if test="record.permission != null" >
        permission = #{record.permission,jdbcType=INTEGER},
      </if>
    </set>
    <if test="_parameter != null" >
      <include refid="Update_By_Example_Where_Clause" />
    </if>
  </update>
  <update id="updateByExample" parameterType="map" >
    update user
    set user_id = #{record.userId,jdbcType=INTEGER},
      phone = #{record.phone,jdbcType=VARCHAR},
      password = #{record.password,jdbcType=VARCHAR},
      nickname = #{record.nickname,jdbcType=VARCHAR},
      address = #{record.address,jdbcType=VARCHAR},
      age = #{record.age,jdbcType=INTEGER},
      sex = #{record.sex,jdbcType=INTEGER},
      user_info = #{record.userInfo,jdbcType=VARCHAR},
      headicon = #{record.headicon,jdbcType=VARCHAR},
      register_time = #{record.registerTime,jdbcType=VARCHAR},
      permission = #{record.permission,jdbcType=INTEGER}
    <if test="_parameter != null" >
      <include refid="Update_By_Example_Where_Clause" />
    </if>
  </update>
  <update id="updateByPrimaryKeySelective" parameterType="com.wnf.pojo.User" >
    update user
    <set >
      <if test="phone != null" >
        phone = #{phone,jdbcType=VARCHAR},
      </if>
      <if test="password != null" >
        password = #{password,jdbcType=VARCHAR},
      </if>
      <if test="nickname != null" >
        nickname = #{nickname,jdbcType=VARCHAR},
      </if>
      <if test="address != null" >
        address = #{address,jdbcType=VARCHAR},
      </if>
      <if test="age != null" >
        age = #{age,jdbcType=INTEGER},
      </if>
      <if test="sex != null" >
        sex = #{sex,jdbcType=INTEGER},
      </if>
      <if test="userInfo != null" >
        user_info = #{userInfo,jdbcType=VARCHAR},
      </if>
      <if test="headicon != null" >
        headicon = #{headicon,jdbcType=VARCHAR},
      </if>
      <if test="registerTime != null" >
        register_time = #{registerTime,jdbcType=VARCHAR},
      </if>
      <if test="permission != null" >
        permission = #{permission,jdbcType=INTEGER},
      </if>
    </set>
    where user_id = #{userId,jdbcType=INTEGER}
  </update>
  <update id="updateByPrimaryKey" parameterType="com.wnf.pojo.User" >
    update user
    set phone = #{phone,jdbcType=VARCHAR},
      password = #{password,jdbcType=VARCHAR},
      nickname = #{nickname,jdbcType=VARCHAR},
      address = #{address,jdbcType=VARCHAR},
      age = #{age,jdbcType=INTEGER},
      sex = #{sex,jdbcType=INTEGER},
      user_info = #{userInfo,jdbcType=VARCHAR},
      headicon = #{headicon,jdbcType=VARCHAR},
      register_time = #{registerTime,jdbcType=VARCHAR},
      permission = #{permission,jdbcType=INTEGER}
    where user_id = #{userId,jdbcType=INTEGER}
  </update>
</mapper>